{"accuracy": 0.9543, "precision": 0.954081199856018, "recall": 0.9537428608588984, "f1": 0.9538293940319074}